unit_id,policy_id,personal_property_limit,roommates_count,building_type
R-000004,P-000004,35000.0,2,block
R-000005,P-000005,15000.0,2,block
R-000009,P-000009,35000.0,2,block
R-000031,P-000031,15000.0,1,block
R-000032,P-000032,35000.0,1,block
R-000037,P-000037,35000.0,0,block
R-000043,P-000043,15000.0,2,block
R-000060,P-000060,15000.0,1,block
R-000063,P-000063,35000.0,1,block
R-000071,P-000071,35000.0,2,block
R-000084,P-000084,25000.0,0,block
R-000095,P-000095,25000.0,2,block
R-000110,P-000110,25000.0,0,block
R-000113,P-000113,15000.0,1,block
R-000114,P-000114,35000.0,0,house
R-000115,P-000115,35000.0,1,block
R-000127,P-000127,15000.0,1,block
R-000128,P-000128,35000.0,1,house
R-000138,P-000138,35000.0,2,block
R-000155,P-000155,15000.0,0,block
R-000164,P-000164,25000.0,2,block
R-000175,P-000175,35000.0,0,house
R-000178,P-000178,35000.0,1,block
R-000180,P-000180,15000.0,0,block
R-000185,P-000185,25000.0,2,house
R-000186,P-000186,15000.0,2,block
R-000192,P-000192,35000.0,2,block
R-000200,P-000200,25000.0,1,block
R-000207,P-000207,25000.0,1,block
R-000209,P-000209,15000.0,2,block
R-000211,P-000211,35000.0,0,block
R-000218,P-000218,25000.0,2,house
R-000220,P-000220,50000.0,0,block
R-000230,P-000230,35000.0,0,block
R-000237,P-000237,25000.0,2,block
R-000240,P-000240,15000.0,0,block
R-000243,P-000243,35000.0,0,block
R-000253,P-000253,25000.0,0,block
R-000254,P-000254,25000.0,1,house
R-000256,P-000256,25000.0,2,block
R-000257,P-000257,25000.0,1,block
R-000276,P-000276,25000.0,2,block
R-000278,P-000278,35000.0,2,block
R-000287,P-000287,35000.0,1,house
R-000295,P-000295,25000.0,2,block
R-000297,P-000297,25000.0,1,block
R-000306,P-000306,35000.0,2,block
R-000307,P-000307,35000.0,1,block
R-000316,P-000316,25000.0,2,block
R-000322,P-000322,35000.0,0,block
R-000342,P-000342,35000.0,2,house
R-000343,P-000343,15000.0,0,house
R-000344,P-000344,25000.0,0,house
R-000346,P-000346,25000.0,0,block
R-000352,P-000352,15000.0,0,block
R-000363,P-000363,50000.0,1,block
R-000366,P-000366,15000.0,0,block
R-000369,P-000369,15000.0,0,block
R-000370,P-000370,35000.0,1,block
R-000374,P-000374,15000.0,1,block
R-000378,P-000378,25000.0,1,block
R-000404,P-000404,35000.0,2,block
R-000414,P-000414,25000.0,2,block
R-000431,P-000431,50000.0,1,block
R-000449,P-000449,25000.0,2,block
R-000451,P-000451,35000.0,0,block
R-000453,P-000453,25000.0,0,block
R-000461,P-000461,25000.0,2,block
R-000462,P-000462,25000.0,2,block
R-000469,P-000469,15000.0,0,block
R-000478,P-000478,15000.0,2,block
R-000483,P-000483,25000.0,2,house
R-000487,P-000487,35000.0,1,block
R-000490,P-000490,25000.0,0,block
R-000499,P-000499,25000.0,2,house
R-000503,P-000503,15000.0,2,block
R-000510,P-000510,25000.0,1,block
R-000516,P-000516,25000.0,1,block
R-000525,P-000525,15000.0,0,block
R-000534,P-000534,35000.0,1,block
R-000535,P-000535,25000.0,0,block
R-000539,P-000539,25000.0,0,block
R-000540,P-000540,50000.0,2,block
R-000553,P-000553,50000.0,1,block
R-000578,P-000578,25000.0,0,block
R-000582,P-000582,35000.0,0,block
R-000593,P-000593,25000.0,2,block
R-000594,P-000594,15000.0,1,block
R-000605,P-000605,35000.0,1,house
R-000608,P-000608,25000.0,1,block
R-000609,P-000609,25000.0,1,house
R-000622,P-000622,25000.0,1,block
R-000635,P-000635,50000.0,1,block
R-000637,P-000637,25000.0,2,house
R-000644,P-000644,25000.0,0,block
R-000648,P-000648,35000.0,1,block
R-000659,P-000659,15000.0,1,block
R-000660,P-000660,15000.0,0,block
R-000663,P-000663,25000.0,2,house
R-000664,P-000664,35000.0,1,block
R-000665,P-000665,35000.0,0,block
R-000673,P-000673,15000.0,0,block
R-000674,P-000674,35000.0,0,block
R-000676,P-000676,35000.0,2,block
R-000683,P-000683,35000.0,2,block
R-000684,P-000684,25000.0,2,block
R-000693,P-000693,15000.0,1,block
R-000694,P-000694,35000.0,1,block
R-000700,P-000700,25000.0,1,house
R-000701,P-000701,15000.0,1,house
R-000702,P-000702,25000.0,2,block
R-000704,P-000704,15000.0,0,block
R-000716,P-000716,50000.0,0,house
R-000717,P-000717,15000.0,0,house
R-000718,P-000718,25000.0,1,block
R-000747,P-000747,25000.0,1,block
R-000748,P-000748,35000.0,1,block
R-000751,P-000751,25000.0,0,block
R-000752,P-000752,25000.0,0,house
R-000753,P-000753,35000.0,1,block
R-000756,P-000756,15000.0,2,block
R-000758,P-000758,15000.0,0,block
R-000762,P-000762,35000.0,1,block
R-000764,P-000764,25000.0,1,house
R-000768,P-000768,25000.0,1,house
R-000769,P-000769,25000.0,2,block
R-000790,P-000790,35000.0,1,block
R-000791,P-000791,15000.0,0,house
R-000793,P-000793,25000.0,1,block
R-000818,P-000818,25000.0,0,house
R-000820,P-000820,25000.0,0,block
R-000829,P-000829,25000.0,0,block
R-000835,P-000835,25000.0,2,block
R-000836,P-000836,50000.0,2,house
R-000851,P-000851,15000.0,1,block
R-000853,P-000853,25000.0,1,block
R-000866,P-000866,50000.0,1,block
R-000869,P-000869,25000.0,2,house
R-000870,P-000870,35000.0,2,block
R-000876,P-000876,35000.0,1,block
R-000883,P-000883,25000.0,1,block
R-000888,P-000888,35000.0,0,house
R-000890,P-000890,25000.0,2,block
R-000906,P-000906,25000.0,2,block
R-000909,P-000909,15000.0,2,house
R-000920,P-000920,25000.0,1,block
R-000921,P-000921,25000.0,0,block
R-000936,P-000936,15000.0,2,block
R-000944,P-000944,25000.0,0,block
R-000945,P-000945,25000.0,0,block
R-000960,P-000960,25000.0,0,block
R-000981,P-000981,25000.0,2,block
R-000991,P-000991,25000.0,2,block
R-000992,P-000992,50000.0,2,block
R-001002,P-001002,25000.0,0,block
R-001016,P-001016,15000.0,2,block
R-001020,P-001020,35000.0,2,block
R-001025,P-001025,25000.0,0,block
R-001027,P-001027,25000.0,1,block
R-001031,P-001031,15000.0,1,block
R-001034,P-001034,25000.0,1,block
R-001041,P-001041,50000.0,2,block
R-001045,P-001045,35000.0,1,block
R-001047,P-001047,35000.0,1,block
R-001051,P-001051,50000.0,0,block
R-001053,P-001053,25000.0,1,block
R-001057,P-001057,15000.0,2,block
R-001058,P-001058,25000.0,2,block
R-001065,P-001065,25000.0,2,block
R-001069,P-001069,35000.0,1,block
R-001076,P-001076,35000.0,0,house
R-001088,P-001088,35000.0,0,block
R-001091,P-001091,15000.0,0,block
R-001093,P-001093,15000.0,0,block
R-001096,P-001096,15000.0,2,block
R-001106,P-001106,25000.0,0,block
R-001122,P-001122,25000.0,0,block
R-001123,P-001123,25000.0,2,block
R-001133,P-001133,35000.0,1,house
R-001139,P-001139,25000.0,1,block
R-001145,P-001145,50000.0,1,block
R-001147,P-001147,35000.0,0,block
R-001150,P-001150,50000.0,2,block
R-001152,P-001152,15000.0,2,block
R-001163,P-001163,15000.0,1,block
R-001167,P-001167,15000.0,2,block
R-001170,P-001170,25000.0,1,house
R-001174,P-001174,35000.0,1,block
R-001186,P-001186,35000.0,0,block
R-001191,P-001191,15000.0,2,block
R-001192,P-001192,25000.0,2,block
R-001193,P-001193,25000.0,2,block
R-001197,P-001197,25000.0,0,block
R-001211,P-001211,15000.0,2,block
R-001214,P-001214,35000.0,2,house
R-001216,P-001216,15000.0,0,block
R-001219,P-001219,25000.0,0,house
R-001223,P-001223,15000.0,2,block
R-001227,P-001227,25000.0,0,block
R-001234,P-001234,35000.0,1,block
R-001236,P-001236,25000.0,2,block
R-001243,P-001243,35000.0,0,house
R-001250,P-001250,15000.0,0,block
R-001251,P-001251,50000.0,1,house
R-001259,P-001259,25000.0,2,house
R-001267,P-001267,25000.0,0,block
R-001276,P-001276,15000.0,0,block
R-001297,P-001297,25000.0,0,block
R-001302,P-001302,15000.0,0,block
R-001303,P-001303,35000.0,1,block
R-001321,P-001321,15000.0,0,block
R-001323,P-001323,15000.0,1,block
R-001328,P-001328,15000.0,2,block
R-001340,P-001340,35000.0,1,block
R-001353,P-001353,15000.0,0,block
R-001355,P-001355,50000.0,2,block
R-001357,P-001357,35000.0,2,house
R-001371,P-001371,15000.0,0,block
R-001380,P-001380,15000.0,1,block
R-001383,P-001383,35000.0,0,block
R-001384,P-001384,15000.0,1,block
R-001386,P-001386,35000.0,2,block
R-001389,P-001389,35000.0,2,block
R-001395,P-001395,25000.0,1,block
R-001397,P-001397,50000.0,0,block
R-001400,P-001400,15000.0,1,block
R-001413,P-001413,35000.0,2,house
R-001424,P-001424,25000.0,1,house
R-001455,P-001455,25000.0,0,block
R-001459,P-001459,15000.0,1,block
R-001466,P-001466,15000.0,0,block
R-001468,P-001468,15000.0,2,house
R-001470,P-001470,15000.0,1,block
R-001474,P-001474,25000.0,2,block
R-001503,P-001503,25000.0,1,block
R-001520,P-001520,50000.0,0,house
R-001521,P-001521,25000.0,2,block
R-001540,P-001540,25000.0,0,block
R-001546,P-001546,50000.0,2,house
R-001557,P-001557,25000.0,0,block
R-001563,P-001563,25000.0,2,house
R-001564,P-001564,15000.0,0,block
R-001567,P-001567,25000.0,2,block
R-001580,P-001580,35000.0,0,block
R-001583,P-001583,35000.0,2,house
R-001589,P-001589,50000.0,1,house
R-001598,P-001598,50000.0,1,house
R-001606,P-001606,50000.0,1,house
R-001609,P-001609,25000.0,2,house
R-001610,P-001610,25000.0,1,block
R-001611,P-001611,25000.0,1,block
R-001612,P-001612,25000.0,2,block
R-001636,P-001636,15000.0,0,block
R-001640,P-001640,50000.0,2,block
R-001654,P-001654,35000.0,2,block
R-001665,P-001665,35000.0,0,block
R-001684,P-001684,35000.0,0,block
R-001686,P-001686,25000.0,1,block
R-001687,P-001687,25000.0,0,block
R-001697,P-001697,15000.0,1,block
R-001702,P-001702,50000.0,1,house
R-001705,P-001705,15000.0,0,block
R-001717,P-001717,25000.0,1,house
R-001728,P-001728,35000.0,0,block
R-001732,P-001732,15000.0,2,block
R-001734,P-001734,25000.0,2,house
R-001737,P-001737,25000.0,0,house
R-001740,P-001740,15000.0,0,block
R-001744,P-001744,50000.0,2,house
R-001747,P-001747,35000.0,2,block
R-001750,P-001750,15000.0,0,block
R-001759,P-001759,25000.0,1,house
R-001761,P-001761,25000.0,1,block
R-001762,P-001762,15000.0,0,block
R-001772,P-001772,25000.0,2,block
R-001779,P-001779,25000.0,0,block
R-001780,P-001780,50000.0,1,block
R-001786,P-001786,25000.0,1,house
R-001788,P-001788,25000.0,2,house
R-001789,P-001789,15000.0,0,block
R-001790,P-001790,25000.0,0,house
R-001791,P-001791,25000.0,2,block
R-001799,P-001799,35000.0,0,block
R-001808,P-001808,25000.0,2,block
R-001816,P-001816,15000.0,2,block
R-001818,P-001818,50000.0,0,house
R-001819,P-001819,15000.0,0,block
R-001820,P-001820,25000.0,0,house
R-001821,P-001821,25000.0,2,block
R-001828,P-001828,25000.0,0,block
R-001842,P-001842,15000.0,1,block
R-001850,P-001850,35000.0,2,house
R-001879,P-001879,15000.0,1,block
R-001882,P-001882,15000.0,0,block
R-001886,P-001886,15000.0,1,block
R-001892,P-001892,35000.0,2,block
R-001896,P-001896,35000.0,1,house
R-001903,P-001903,25000.0,0,block
R-001906,P-001906,25000.0,0,block
R-001916,P-001916,35000.0,2,block
R-001918,P-001918,35000.0,1,block
R-001919,P-001919,35000.0,0,block
R-001920,P-001920,25000.0,1,house
R-001929,P-001929,50000.0,2,block
R-001931,P-001931,25000.0,0,block
R-001937,P-001937,35000.0,2,block
R-001966,P-001966,15000.0,2,house
R-001972,P-001972,25000.0,2,block
R-001977,P-001977,15000.0,1,house
R-001978,P-001978,25000.0,2,block
R-001979,P-001979,35000.0,1,block
R-001980,P-001980,25000.0,2,block
R-001995,P-001995,35000.0,1,block
R-002002,P-002002,15000.0,0,house
R-002020,P-002020,35000.0,1,block
R-002028,P-002028,25000.0,1,block
R-002032,P-002032,15000.0,1,block
R-002036,P-002036,25000.0,0,block
R-002040,P-002040,25000.0,2,block
R-002060,P-002060,35000.0,2,block
R-002067,P-002067,35000.0,2,block
R-002077,P-002077,35000.0,2,block
R-002100,P-002100,15000.0,2,block
R-002103,P-002103,15000.0,1,block
R-002109,P-002109,35000.0,1,block
R-002117,P-002117,25000.0,1,block
R-002126,P-002126,15000.0,2,house
R-002131,P-002131,15000.0,0,house
R-002136,P-002136,25000.0,0,house
R-002142,P-002142,25000.0,2,block
R-002152,P-002152,35000.0,1,block
R-002155,P-002155,35000.0,2,block
R-002169,P-002169,35000.0,2,block
R-002171,P-002171,25000.0,2,house
R-002175,P-002175,15000.0,2,block
R-002183,P-002183,15000.0,2,block
R-002187,P-002187,15000.0,0,block
R-002197,P-002197,35000.0,1,block
R-002202,P-002202,25000.0,2,block
R-002206,P-002206,25000.0,0,block
R-002207,P-002207,50000.0,0,house
R-002210,P-002210,15000.0,2,block
R-002218,P-002218,15000.0,0,block
R-002222,P-002222,25000.0,1,block
R-002237,P-002237,35000.0,1,house
R-002241,P-002241,15000.0,1,block
R-002242,P-002242,35000.0,1,block
R-002265,P-002265,15000.0,1,house
R-002272,P-002272,25000.0,1,house
R-002274,P-002274,50000.0,1,block
R-002284,P-002284,50000.0,2,block
R-002290,P-002290,25000.0,1,block
R-002302,P-002302,15000.0,1,house
R-002304,P-002304,15000.0,2,block
R-002313,P-002313,25000.0,1,block
R-002315,P-002315,25000.0,0,block
R-002318,P-002318,35000.0,0,block
R-002319,P-002319,15000.0,2,block
R-002322,P-002322,15000.0,2,block
R-002329,P-002329,25000.0,1,block
R-002339,P-002339,50000.0,1,block
R-002345,P-002345,35000.0,2,block
R-002347,P-002347,15000.0,0,block
R-002348,P-002348,25000.0,0,house
R-002355,P-002355,35000.0,2,block
R-002359,P-002359,35000.0,2,block
R-002360,P-002360,15000.0,0,block
R-002366,P-002366,25000.0,0,block
R-002367,P-002367,15000.0,1,block
R-002376,P-002376,15000.0,0,block
R-002379,P-002379,25000.0,1,block
R-002394,P-002394,35000.0,2,block
R-002399,P-002399,50000.0,1,block
R-002403,P-002403,25000.0,2,house
R-002412,P-002412,15000.0,1,block
R-002414,P-002414,50000.0,0,block
R-002426,P-002426,50000.0,1,block
R-002429,P-002429,25000.0,2,house
R-002434,P-002434,25000.0,2,block
R-002437,P-002437,25000.0,0,block
R-002439,P-002439,35000.0,2,block
R-002452,P-002452,35000.0,0,house
R-002453,P-002453,25000.0,1,block
R-002458,P-002458,25000.0,2,block
R-002459,P-002459,25000.0,2,block
R-002465,P-002465,35000.0,0,block
R-002470,P-002470,25000.0,1,block
R-002472,P-002472,25000.0,0,block
R-002489,P-002489,35000.0,2,house
R-002502,P-002502,25000.0,0,block
R-002505,P-002505,15000.0,0,block
R-002507,P-002507,50000.0,0,block
R-002510,P-002510,15000.0,0,block
R-002517,P-002517,35000.0,2,block
R-002518,P-002518,15000.0,0,block
R-002519,P-002519,35000.0,0,block
R-002520,P-002520,35000.0,2,block
R-002521,P-002521,15000.0,1,block
R-002523,P-002523,25000.0,2,house
R-002525,P-002525,15000.0,0,block
R-002526,P-002526,25000.0,0,block
R-002528,P-002528,50000.0,1,house
R-002530,P-002530,15000.0,1,block
R-002534,P-002534,25000.0,0,house
R-002544,P-002544,25000.0,1,house
R-002549,P-002549,25000.0,1,house
R-002550,P-002550,35000.0,1,block
R-002552,P-002552,25000.0,1,block
R-002557,P-002557,25000.0,2,house
R-002564,P-002564,15000.0,1,block
R-002572,P-002572,25000.0,0,block
R-002575,P-002575,15000.0,1,block
R-002589,P-002589,35000.0,0,house
R-002598,P-002598,35000.0,2,block
R-002600,P-002600,25000.0,1,block
R-002601,P-002601,25000.0,2,block
R-002609,P-002609,15000.0,0,block
R-002611,P-002611,50000.0,2,block
R-002612,P-002612,25000.0,2,block
R-002616,P-002616,35000.0,0,block
R-002619,P-002619,35000.0,0,block
R-002622,P-002622,25000.0,1,block
R-002625,P-002625,25000.0,0,block
R-002636,P-002636,35000.0,0,house
R-002642,P-002642,15000.0,2,house
R-002654,P-002654,25000.0,2,house
R-002655,P-002655,35000.0,1,block
R-002660,P-002660,25000.0,0,block
R-002671,P-002671,15000.0,0,block
R-002673,P-002673,25000.0,1,block
R-002679,P-002679,35000.0,0,block
R-002681,P-002681,15000.0,0,house
R-002695,P-002695,50000.0,0,house
R-002699,P-002699,25000.0,1,block
R-002704,P-002704,15000.0,2,block
R-002706,P-002706,25000.0,1,block
R-002714,P-002714,25000.0,1,block
R-002719,P-002719,35000.0,2,block
R-002724,P-002724,25000.0,0,block
R-002737,P-002737,25000.0,2,block
R-002739,P-002739,15000.0,2,block
R-002744,P-002744,25000.0,0,block
R-002748,P-002748,25000.0,1,block
R-002763,P-002763,15000.0,1,house
R-002771,P-002771,35000.0,1,block
R-002779,P-002779,25000.0,0,block
R-002784,P-002784,25000.0,2,block
R-002790,P-002790,15000.0,1,block
R-002794,P-002794,15000.0,1,block
R-002798,P-002798,35000.0,1,block
R-002812,P-002812,50000.0,2,block
R-002820,P-002820,25000.0,2,block
R-002822,P-002822,35000.0,0,block
R-002835,P-002835,25000.0,2,block
R-002837,P-002837,25000.0,2,block
R-002846,P-002846,15000.0,0,block
R-002867,P-002867,35000.0,2,house
R-002873,P-002873,15000.0,1,house
R-002880,P-002880,35000.0,1,block
R-002889,P-002889,35000.0,0,block
R-002892,P-002892,25000.0,0,block
R-002896,P-002896,25000.0,0,block
R-002907,P-002907,35000.0,0,block
R-002918,P-002918,15000.0,1,block
R-002924,P-002924,25000.0,2,block
R-002927,P-002927,25000.0,1,block
R-002932,P-002932,15000.0,0,block
R-002954,P-002954,35000.0,0,block
R-002972,P-002972,15000.0,2,block
R-002988,P-002988,50000.0,0,house
R-002990,P-002990,50000.0,2,block
R-002992,P-002992,25000.0,0,block
R-002998,P-002998,25000.0,1,block
R-003010,P-003010,25000.0,1,block
R-003020,P-003020,15000.0,2,block
R-003030,P-003030,35000.0,0,block
R-003037,P-003037,15000.0,0,block
R-003044,P-003044,35000.0,2,block
R-003047,P-003047,35000.0,2,block
R-003049,P-003049,25000.0,2,block
R-003061,P-003061,25000.0,0,block
R-003063,P-003063,35000.0,1,block
R-003065,P-003065,35000.0,1,house
R-003066,P-003066,50000.0,0,block
R-003068,P-003068,35000.0,1,house
R-003070,P-003070,25000.0,0,block
R-003076,P-003076,35000.0,2,block
R-003078,P-003078,15000.0,1,block
R-003084,P-003084,35000.0,1,block
R-003087,P-003087,50000.0,1,block
R-003105,P-003105,25000.0,1,block
R-003110,P-003110,15000.0,0,block
R-003117,P-003117,15000.0,1,block
R-003120,P-003120,15000.0,2,house
R-003134,P-003134,35000.0,1,house
R-003140,P-003140,50000.0,1,block
R-003148,P-003148,15000.0,2,block
R-003151,P-003151,25000.0,0,block
R-003172,P-003172,25000.0,0,block
R-003193,P-003193,50000.0,0,block
R-003197,P-003197,25000.0,1,block
R-003199,P-003199,15000.0,1,block
R-003213,P-003213,15000.0,0,block
R-003226,P-003226,50000.0,2,block
R-003236,P-003236,15000.0,0,block
R-003249,P-003249,25000.0,0,house
R-003272,P-003272,35000.0,0,block
R-003274,P-003274,50000.0,2,block
R-003283,P-003283,15000.0,2,block
R-003287,P-003287,25000.0,0,block
R-003290,P-003290,15000.0,1,block
R-003292,P-003292,35000.0,0,block
R-003295,P-003295,25000.0,0,block
R-003301,P-003301,25000.0,0,block
R-003306,P-003306,25000.0,0,block
R-003311,P-003311,35000.0,2,house
R-003313,P-003313,25000.0,1,block
R-003317,P-003317,15000.0,2,block
R-003318,P-003318,35000.0,2,house
R-003322,P-003322,15000.0,1,block
R-003323,P-003323,25000.0,1,block
R-003339,P-003339,50000.0,1,block
R-003348,P-003348,15000.0,0,block
R-003352,P-003352,25000.0,0,house
R-003359,P-003359,15000.0,1,block
R-003397,P-003397,35000.0,0,block
R-003408,P-003408,35000.0,2,block
R-003422,P-003422,35000.0,0,block
R-003427,P-003427,25000.0,1,house
R-003437,P-003437,15000.0,0,house
R-003439,P-003439,25000.0,0,house
R-003452,P-003452,15000.0,0,block
R-003463,P-003463,25000.0,0,house
R-003470,P-003470,15000.0,1,house
R-003478,P-003478,25000.0,0,block
R-003482,P-003482,35000.0,1,block
R-003493,P-003493,50000.0,2,block
R-003495,P-003495,25000.0,2,house
R-003502,P-003502,15000.0,0,block
R-003503,P-003503,15000.0,0,block
R-003507,P-003507,35000.0,1,house
R-003512,P-003512,35000.0,1,block
R-003517,P-003517,25000.0,1,block
R-003524,P-003524,35000.0,1,block
R-003530,P-003530,15000.0,2,block
R-003535,P-003535,25000.0,0,block
R-003539,P-003539,15000.0,2,house
R-003542,P-003542,25000.0,1,block
R-003544,P-003544,15000.0,1,house
R-003546,P-003546,15000.0,1,house
R-003553,P-003553,15000.0,1,block
R-003556,P-003556,25000.0,1,block
R-003561,P-003561,25000.0,1,block
R-003562,P-003562,35000.0,1,block
R-003564,P-003564,35000.0,2,block
R-003574,P-003574,25000.0,2,block
R-003575,P-003575,25000.0,2,block
R-003590,P-003590,35000.0,2,block
R-003604,P-003604,25000.0,1,block
R-003618,P-003618,50000.0,2,house
R-003620,P-003620,25000.0,0,block
R-003626,P-003626,35000.0,2,block
R-003628,P-003628,15000.0,0,block
R-003633,P-003633,35000.0,1,block
R-003641,P-003641,35000.0,0,block
R-003648,P-003648,25000.0,2,block
R-003652,P-003652,15000.0,1,block
R-003653,P-003653,25000.0,2,block
R-003659,P-003659,25000.0,1,block
R-003663,P-003663,50000.0,2,block
R-003682,P-003682,25000.0,0,block
R-003687,P-003687,25000.0,1,block
R-003688,P-003688,15000.0,0,block
R-003689,P-003689,25000.0,2,block
R-003691,P-003691,25000.0,2,block
R-003697,P-003697,15000.0,2,block
R-003698,P-003698,35000.0,1,block
R-003704,P-003704,35000.0,1,block
R-003715,P-003715,35000.0,1,block
R-003728,P-003728,35000.0,1,block
R-003730,P-003730,35000.0,1,block
R-003737,P-003737,25000.0,2,house
R-003738,P-003738,35000.0,2,block
R-003743,P-003743,15000.0,2,block
R-003746,P-003746,25000.0,2,house
R-003769,P-003769,25000.0,2,block
R-003771,P-003771,15000.0,2,block
R-003775,P-003775,35000.0,1,block
R-003777,P-003777,25000.0,2,block
R-003782,P-003782,25000.0,2,block
R-003789,P-003789,25000.0,1,block
R-003797,P-003797,25000.0,1,block
R-003803,P-003803,35000.0,2,block
R-003811,P-003811,25000.0,2,block
R-003818,P-003818,25000.0,1,block
R-003827,P-003827,35000.0,1,house
R-003828,P-003828,15000.0,2,block
R-003839,P-003839,35000.0,0,block
R-003840,P-003840,15000.0,2,house
R-003841,P-003841,25000.0,2,block
R-003846,P-003846,25000.0,1,block
R-003852,P-003852,15000.0,1,block
R-003857,P-003857,35000.0,0,block
R-003863,P-003863,35000.0,2,block
R-003866,P-003866,15000.0,2,block
R-003867,P-003867,25000.0,2,house
R-003874,P-003874,50000.0,0,block
R-003876,P-003876,35000.0,0,house
R-003879,P-003879,25000.0,1,house
R-003882,P-003882,15000.0,2,block
R-003889,P-003889,50000.0,0,block
R-003891,P-003891,25000.0,1,house
R-003903,P-003903,25000.0,2,block
R-003910,P-003910,15000.0,2,block
R-003911,P-003911,15000.0,1,block
R-003919,P-003919,50000.0,2,block
R-003929,P-003929,35000.0,1,block
R-003935,P-003935,15000.0,2,house
R-003939,P-003939,25000.0,1,block
R-003941,P-003941,15000.0,1,block
R-003942,P-003942,15000.0,2,block
R-003947,P-003947,15000.0,2,block
R-003961,P-003961,15000.0,2,block
R-003968,P-003968,35000.0,1,block
R-003971,P-003971,25000.0,1,house
R-003975,P-003975,35000.0,0,block
R-003976,P-003976,50000.0,0,block
R-003982,P-003982,35000.0,0,block
R-003987,P-003987,25000.0,0,block
R-003993,P-003993,25000.0,0,house
R-004000,P-004000,15000.0,0,block
R-004006,P-004006,35000.0,1,house
R-004010,P-004010,35000.0,1,block
R-004012,P-004012,25000.0,1,block
R-004016,P-004016,50000.0,2,block
R-004033,P-004033,25000.0,0,house
R-004050,P-004050,35000.0,0,house
R-004054,P-004054,35000.0,2,block
R-004057,P-004057,25000.0,2,block
R-004063,P-004063,50000.0,0,block
R-004072,P-004072,35000.0,2,block
R-004075,P-004075,25000.0,1,house
R-004084,P-004084,35000.0,1,house
R-004086,P-004086,15000.0,1,block
R-004090,P-004090,15000.0,1,block
R-004093,P-004093,15000.0,0,block
R-004094,P-004094,25000.0,0,block
R-004098,P-004098,35000.0,1,house
R-004118,P-004118,50000.0,0,block
R-004126,P-004126,35000.0,1,block
R-004128,P-004128,25000.0,0,house
R-004130,P-004130,25000.0,0,block
R-004131,P-004131,25000.0,2,block
R-004133,P-004133,15000.0,2,block
R-004142,P-004142,15000.0,1,block
R-004144,P-004144,25000.0,0,block
R-004168,P-004168,25000.0,0,block
R-004171,P-004171,25000.0,1,house
R-004175,P-004175,35000.0,0,block
R-004194,P-004194,15000.0,0,block
R-004196,P-004196,25000.0,0,block
R-004201,P-004201,35000.0,2,block
R-004209,P-004209,25000.0,1,block
R-004210,P-004210,25000.0,0,block
R-004229,P-004229,25000.0,1,block
R-004231,P-004231,35000.0,0,block
R-004233,P-004233,35000.0,2,block
R-004243,P-004243,25000.0,2,block
R-004244,P-004244,25000.0,0,block
R-004250,P-004250,15000.0,1,house
R-004257,P-004257,35000.0,2,block
R-004265,P-004265,15000.0,2,block
R-004269,P-004269,35000.0,0,block
R-004277,P-004277,35000.0,2,block
R-004287,P-004287,25000.0,2,block
R-004300,P-004300,35000.0,1,block
R-004304,P-004304,15000.0,2,block
R-004308,P-004308,50000.0,2,block
R-004314,P-004314,35000.0,2,block
R-004324,P-004324,35000.0,2,block
R-004332,P-004332,50000.0,0,block
R-004333,P-004333,25000.0,0,block
R-004346,P-004346,25000.0,2,block
R-004368,P-004368,35000.0,2,house
R-004388,P-004388,35000.0,1,block
R-004409,P-004409,15000.0,0,block
R-004411,P-004411,35000.0,2,block
R-004418,P-004418,25000.0,1,block
R-004421,P-004421,25000.0,1,block
R-004428,P-004428,25000.0,0,block
R-004432,P-004432,15000.0,2,block
R-004435,P-004435,50000.0,0,block
R-004440,P-004440,25000.0,1,block
R-004451,P-004451,50000.0,2,block
R-004457,P-004457,50000.0,0,block
R-004469,P-004469,15000.0,2,house
R-004472,P-004472,35000.0,0,block
R-004482,P-004482,15000.0,1,block
R-004486,P-004486,25000.0,2,house
R-004487,P-004487,25000.0,2,block
R-004489,P-004489,25000.0,2,house
R-004491,P-004491,35000.0,2,block
R-004492,P-004492,35000.0,0,block
R-004508,P-004508,50000.0,0,block
R-004513,P-004513,25000.0,2,block
R-004518,P-004518,50000.0,2,block
R-004521,P-004521,35000.0,1,block
R-004526,P-004526,35000.0,1,block
R-004538,P-004538,35000.0,2,house
R-004547,P-004547,50000.0,0,house
R-004559,P-004559,35000.0,0,block
R-004562,P-004562,50000.0,0,block
R-004570,P-004570,35000.0,2,block
R-004573,P-004573,25000.0,0,house
R-004589,P-004589,15000.0,2,house
R-004601,P-004601,35000.0,1,house
R-004614,P-004614,35000.0,1,block
R-004615,P-004615,25000.0,1,block
R-004622,P-004622,15000.0,1,block
R-004628,P-004628,50000.0,0,block
R-004637,P-004637,25000.0,1,block
R-004645,P-004645,35000.0,0,block
R-004656,P-004656,25000.0,2,block
R-004659,P-004659,35000.0,2,block
R-004671,P-004671,50000.0,2,block
R-004672,P-004672,15000.0,2,block
R-004679,P-004679,25000.0,0,house
R-004693,P-004693,25000.0,1,house
R-004700,P-004700,15000.0,2,house
R-004705,P-004705,25000.0,0,block
R-004712,P-004712,35000.0,0,block
R-004718,P-004718,35000.0,2,block
R-004720,P-004720,15000.0,2,block
R-004721,P-004721,25000.0,2,block
R-004730,P-004730,25000.0,0,block
R-004744,P-004744,25000.0,0,block
R-004757,P-004757,50000.0,1,block
R-004760,P-004760,25000.0,1,block
R-004782,P-004782,25000.0,2,block
R-004783,P-004783,25000.0,2,block
R-004784,P-004784,25000.0,0,block
R-004788,P-004788,15000.0,2,house
R-004790,P-004790,35000.0,1,house
R-004791,P-004791,25000.0,2,block
R-004802,P-004802,15000.0,1,block
R-004803,P-004803,35000.0,0,block
R-004805,P-004805,15000.0,0,block
R-004817,P-004817,50000.0,0,block
R-004831,P-004831,50000.0,1,house
R-004836,P-004836,50000.0,0,block
R-004854,P-004854,35000.0,1,house
R-004858,P-004858,25000.0,0,block
R-004859,P-004859,35000.0,2,block
R-004860,P-004860,15000.0,0,block
R-004876,P-004876,15000.0,2,block
R-004877,P-004877,35000.0,0,block
R-004879,P-004879,35000.0,1,block
R-004882,P-004882,15000.0,1,block
R-004883,P-004883,25000.0,1,block
R-004888,P-004888,35000.0,1,block
R-004891,P-004891,25000.0,0,house
R-004892,P-004892,25000.0,2,house
R-004893,P-004893,50000.0,0,block
R-004911,P-004911,25000.0,2,house
R-004913,P-004913,50000.0,0,block
R-004919,P-004919,35000.0,2,block
R-004920,P-004920,15000.0,2,block
R-004928,P-004928,15000.0,2,house
R-004933,P-004933,15000.0,2,house
R-004942,P-004942,25000.0,0,block
R-004949,P-004949,25000.0,1,house
R-004958,P-004958,35000.0,1,block
R-004960,P-004960,35000.0,2,house
R-004973,P-004973,25000.0,0,block
R-004976,P-004976,25000.0,2,block
R-004978,P-004978,35000.0,0,block
R-004985,P-004985,15000.0,1,house
R-004996,P-004996,25000.0,1,house
R-005000,P-005000,15000.0,1,block
R-005002,P-005002,25000.0,2,house
R-005006,P-005006,25000.0,2,block
R-005007,P-005007,15000.0,2,block
R-005015,P-005015,25000.0,2,block
R-005027,P-005027,25000.0,1,block
R-005038,P-005038,15000.0,2,block
R-005059,P-005059,35000.0,0,block
R-005066,P-005066,15000.0,2,block
R-005078,P-005078,35000.0,1,block
R-005085,P-005085,35000.0,2,block
R-005088,P-005088,25000.0,0,block
R-005091,P-005091,25000.0,0,block
R-005098,P-005098,35000.0,0,block
R-005099,P-005099,25000.0,2,block
R-005102,P-005102,15000.0,1,house
R-005103,P-005103,50000.0,2,block
R-005106,P-005106,15000.0,1,block
R-005110,P-005110,25000.0,0,block
R-005113,P-005113,50000.0,1,block
R-005114,P-005114,35000.0,2,block
R-005125,P-005125,15000.0,1,block
R-005130,P-005130,35000.0,0,block
R-005138,P-005138,25000.0,1,block
R-005141,P-005141,35000.0,0,block
R-005146,P-005146,25000.0,2,block
R-005153,P-005153,15000.0,1,block
R-005171,P-005171,50000.0,1,block
R-005183,P-005183,35000.0,2,block
R-005188,P-005188,35000.0,2,block
R-005202,P-005202,25000.0,0,block
R-005215,P-005215,25000.0,1,house
R-005225,P-005225,35000.0,0,block
R-005230,P-005230,25000.0,1,block
R-005236,P-005236,35000.0,0,block
R-005239,P-005239,25000.0,0,block
R-005246,P-005246,35000.0,0,block
R-005250,P-005250,15000.0,0,block
R-005251,P-005251,35000.0,2,block
R-005260,P-005260,25000.0,1,block
R-005263,P-005263,35000.0,1,house
R-005277,P-005277,25000.0,2,block
R-005279,P-005279,15000.0,0,block
R-005282,P-005282,15000.0,0,house
R-005284,P-005284,25000.0,0,block
R-005285,P-005285,15000.0,1,block
R-005290,P-005290,50000.0,1,block
R-005305,P-005305,15000.0,2,block
R-005311,P-005311,35000.0,1,block
R-005319,P-005319,35000.0,0,house
R-005335,P-005335,15000.0,0,block
R-005337,P-005337,15000.0,0,block
R-005340,P-005340,15000.0,0,block
R-005348,P-005348,15000.0,1,house
R-005350,P-005350,35000.0,0,block
R-005356,P-005356,35000.0,1,block
R-005359,P-005359,35000.0,0,block
R-005360,P-005360,25000.0,1,block
R-005364,P-005364,25000.0,2,block
R-005367,P-005367,25000.0,1,block
R-005368,P-005368,50000.0,2,block
R-005372,P-005372,25000.0,0,block
R-005373,P-005373,25000.0,2,block
R-005379,P-005379,25000.0,0,block
R-005381,P-005381,25000.0,0,house
R-005404,P-005404,35000.0,1,block
R-005405,P-005405,25000.0,1,block
R-005414,P-005414,35000.0,0,house
R-005422,P-005422,15000.0,0,block
R-005434,P-005434,35000.0,1,block
R-005437,P-005437,25000.0,0,block
R-005444,P-005444,50000.0,0,block
R-005447,P-005447,35000.0,2,house
R-005463,P-005463,15000.0,2,house
R-005468,P-005468,35000.0,1,block
R-005470,P-005470,15000.0,0,block
R-005472,P-005472,35000.0,1,block
R-005478,P-005478,15000.0,1,block
R-005481,P-005481,25000.0,2,block
R-005483,P-005483,25000.0,1,block
R-005497,P-005497,25000.0,0,block
R-005517,P-005517,25000.0,0,block
R-005530,P-005530,15000.0,2,block
R-005532,P-005532,25000.0,2,block
R-005533,P-005533,15000.0,2,block
R-005538,P-005538,35000.0,2,block
R-005542,P-005542,35000.0,2,block
R-005543,P-005543,25000.0,1,house
R-005545,P-005545,15000.0,0,block
R-005546,P-005546,25000.0,1,block
R-005550,P-005550,35000.0,1,house
R-005555,P-005555,35000.0,0,block
R-005566,P-005566,25000.0,2,block
R-005568,P-005568,35000.0,2,house
R-005570,P-005570,15000.0,2,house
R-005571,P-005571,25000.0,2,block
R-005578,P-005578,15000.0,2,block
R-005583,P-005583,25000.0,1,block
R-005587,P-005587,35000.0,0,block
R-005593,P-005593,25000.0,0,block
R-005598,P-005598,35000.0,0,house
R-005601,P-005601,25000.0,2,block
R-005602,P-005602,25000.0,1,block
R-005604,P-005604,25000.0,2,block
R-005618,P-005618,25000.0,2,house
R-005625,P-005625,50000.0,1,block
R-005639,P-005639,35000.0,2,block
R-005649,P-005649,25000.0,2,house
R-005654,P-005654,35000.0,0,block
R-005657,P-005657,35000.0,0,block
R-005660,P-005660,35000.0,2,block
R-005662,P-005662,50000.0,0,house
R-005663,P-005663,35000.0,0,block
R-005684,P-005684,25000.0,0,house
R-005685,P-005685,15000.0,0,house
R-005688,P-005688,15000.0,0,block
R-005691,P-005691,25000.0,0,block
R-005704,P-005704,50000.0,0,house
R-005708,P-005708,25000.0,2,house
R-005715,P-005715,50000.0,1,block
R-005717,P-005717,35000.0,2,block
R-005718,P-005718,25000.0,0,block
R-005719,P-005719,15000.0,0,block
R-005728,P-005728,50000.0,1,block
R-005737,P-005737,25000.0,1,block
R-005743,P-005743,15000.0,1,block
R-005753,P-005753,15000.0,1,block
R-005774,P-005774,15000.0,2,block
R-005779,P-005779,15000.0,1,block
R-005790,P-005790,50000.0,0,block
R-005791,P-005791,25000.0,1,block
R-005792,P-005792,25000.0,2,block
R-005805,P-005805,35000.0,1,block
R-005808,P-005808,15000.0,2,block
R-005814,P-005814,25000.0,2,block
R-005815,P-005815,35000.0,0,block
R-005819,P-005819,50000.0,2,block
R-005821,P-005821,25000.0,2,block
R-005848,P-005848,35000.0,1,house
R-005857,P-005857,25000.0,0,block
R-005858,P-005858,25000.0,2,block
R-005869,P-005869,25000.0,1,block
R-005871,P-005871,35000.0,2,block
R-005878,P-005878,15000.0,2,house
R-005901,P-005901,25000.0,2,block
R-005919,P-005919,35000.0,0,block
R-005923,P-005923,25000.0,2,house
R-005924,P-005924,35000.0,0,block
R-005926,P-005926,25000.0,1,block
R-005944,P-005944,25000.0,2,house
R-005962,P-005962,50000.0,1,block
R-005965,P-005965,35000.0,2,block
R-005970,P-005970,25000.0,2,block
R-005976,P-005976,25000.0,2,block
R-005977,P-005977,35000.0,0,block
R-005989,P-005989,15000.0,2,block
R-006002,P-006002,25000.0,1,block
R-006011,P-006011,15000.0,0,block
R-006016,P-006016,15000.0,0,block
R-006021,P-006021,25000.0,2,block
R-006030,P-006030,25000.0,2,house
R-006040,P-006040,35000.0,0,block
R-006044,P-006044,15000.0,0,house
R-006046,P-006046,15000.0,0,block
R-006051,P-006051,35000.0,2,block
R-006053,P-006053,15000.0,0,block
R-006057,P-006057,25000.0,0,block
R-006068,P-006068,25000.0,0,house
R-006072,P-006072,35000.0,0,block
R-006089,P-006089,15000.0,1,block
R-006104,P-006104,50000.0,0,block
R-006112,P-006112,25000.0,1,house
R-006114,P-006114,25000.0,2,block
R-006125,P-006125,50000.0,0,block
R-006126,P-006126,25000.0,0,block
R-006128,P-006128,15000.0,2,block
R-006135,P-006135,25000.0,1,block
R-006150,P-006150,35000.0,2,house
R-006158,P-006158,15000.0,2,block
R-006160,P-006160,35000.0,2,block
R-006172,P-006172,25000.0,2,block
R-006174,P-006174,25000.0,0,block
R-006181,P-006181,25000.0,2,house
R-006187,P-006187,35000.0,1,block
R-006202,P-006202,25000.0,0,block
R-006203,P-006203,25000.0,0,block
R-006213,P-006213,50000.0,0,block
R-006229,P-006229,35000.0,0,house
R-006238,P-006238,25000.0,1,block
R-006244,P-006244,15000.0,0,block
R-006248,P-006248,25000.0,1,block
R-006252,P-006252,15000.0,0,block
R-006256,P-006256,25000.0,2,block
R-006263,P-006263,35000.0,2,block
R-006266,P-006266,35000.0,2,block
R-006268,P-006268,25000.0,2,block
R-006276,P-006276,15000.0,1,block
R-006289,P-006289,50000.0,0,block
R-006332,P-006332,15000.0,0,block
R-006337,P-006337,25000.0,1,block
R-006344,P-006344,15000.0,0,block
R-006347,P-006347,35000.0,2,block
R-006349,P-006349,50000.0,1,block
R-006360,P-006360,25000.0,1,block
R-006364,P-006364,50000.0,0,block
R-006366,P-006366,35000.0,0,block
R-006375,P-006375,25000.0,2,house
R-006380,P-006380,15000.0,2,block
R-006381,P-006381,25000.0,0,block
R-006384,P-006384,15000.0,2,block
R-006385,P-006385,25000.0,0,block
R-006389,P-006389,25000.0,0,house
R-006404,P-006404,15000.0,1,block
R-006419,P-006419,15000.0,2,block
R-006424,P-006424,15000.0,0,block
R-006452,P-006452,35000.0,2,block
R-006455,P-006455,15000.0,0,block
R-006458,P-006458,25000.0,1,house
R-006492,P-006492,25000.0,0,block
R-006494,P-006494,15000.0,1,block
R-006497,P-006497,35000.0,2,block
R-006499,P-006499,15000.0,0,block
R-006502,P-006502,25000.0,0,block
R-006519,P-006519,25000.0,0,block
R-006525,P-006525,35000.0,1,block
R-006528,P-006528,25000.0,1,block
R-006529,P-006529,35000.0,2,block
R-006532,P-006532,15000.0,0,house
R-006564,P-006564,15000.0,2,block
R-006576,P-006576,35000.0,2,house
R-006583,P-006583,25000.0,1,house
R-006588,P-006588,15000.0,1,block
R-006589,P-006589,25000.0,2,block
R-006591,P-006591,25000.0,2,block
R-006592,P-006592,15000.0,2,house
R-006602,P-006602,50000.0,2,block
R-006603,P-006603,25000.0,1,block
R-006607,P-006607,25000.0,2,block
R-006619,P-006619,35000.0,2,block
R-006620,P-006620,15000.0,1,block
R-006641,P-006641,15000.0,1,block
R-006645,P-006645,15000.0,2,house
R-006652,P-006652,35000.0,2,block
R-006654,P-006654,15000.0,0,block
R-006657,P-006657,35000.0,1,block
R-006678,P-006678,15000.0,0,block
R-006681,P-006681,15000.0,2,block
R-006685,P-006685,50000.0,0,block
R-006700,P-006700,25000.0,2,block
R-006702,P-006702,50000.0,0,house
R-006704,P-006704,15000.0,2,block
R-006706,P-006706,25000.0,2,block
R-006707,P-006707,35000.0,0,block
R-006711,P-006711,15000.0,0,block
R-006721,P-006721,15000.0,0,block
R-006728,P-006728,25000.0,2,block
R-006729,P-006729,35000.0,1,block
R-006731,P-006731,25000.0,1,block
R-006746,P-006746,25000.0,1,house
R-006756,P-006756,25000.0,0,block
R-006767,P-006767,35000.0,2,house
R-006788,P-006788,25000.0,1,block
R-006793,P-006793,35000.0,2,block
R-006801,P-006801,25000.0,1,block
R-006809,P-006809,15000.0,0,block
R-006815,P-006815,15000.0,1,block
R-006818,P-006818,35000.0,1,block
R-006828,P-006828,25000.0,2,house
R-006844,P-006844,25000.0,1,house
R-006849,P-006849,15000.0,0,block
R-006858,P-006858,15000.0,0,block
R-006863,P-006863,25000.0,2,block
R-006872,P-006872,35000.0,0,block
R-006873,P-006873,15000.0,0,block
R-006875,P-006875,35000.0,1,block
R-006879,P-006879,15000.0,0,block
R-006885,P-006885,15000.0,2,block
R-006891,P-006891,25000.0,0,house
R-006893,P-006893,25000.0,2,block
R-006900,P-006900,25000.0,0,house
R-006905,P-006905,15000.0,2,block
R-006912,P-006912,25000.0,2,block
R-006926,P-006926,25000.0,1,block
R-006930,P-006930,25000.0,2,block
R-006933,P-006933,35000.0,2,block
R-006935,P-006935,50000.0,2,house
R-006938,P-006938,15000.0,0,block
R-006950,P-006950,25000.0,2,block
R-006954,P-006954,25000.0,2,block
R-006966,P-006966,50000.0,1,block
R-006969,P-006969,35000.0,0,block
R-006977,P-006977,15000.0,2,block
R-006981,P-006981,35000.0,1,block
R-006988,P-006988,15000.0,0,block
R-006993,P-006993,35000.0,2,block
R-007000,P-007000,25000.0,1,block
R-007001,P-007001,15000.0,0,block
R-007002,P-007002,50000.0,0,block
R-007005,P-007005,35000.0,2,block
R-007017,P-007017,35000.0,0,house
R-007021,P-007021,25000.0,1,block
R-007031,P-007031,25000.0,0,block
R-007035,P-007035,50000.0,0,block
R-007036,P-007036,15000.0,1,house
R-007046,P-007046,25000.0,0,block
R-007057,P-007057,35000.0,1,block
R-007058,P-007058,15000.0,0,house
R-007072,P-007072,25000.0,2,block
R-007074,P-007074,15000.0,0,block
R-007080,P-007080,35000.0,1,block
R-007081,P-007081,15000.0,0,block
R-007086,P-007086,25000.0,2,house
R-007087,P-007087,15000.0,1,block
R-007091,P-007091,15000.0,1,block
R-007101,P-007101,25000.0,1,block
R-007109,P-007109,25000.0,0,block
R-007125,P-007125,25000.0,0,block
R-007143,P-007143,35000.0,0,block
R-007150,P-007150,25000.0,0,block
R-007157,P-007157,25000.0,0,block
R-007162,P-007162,25000.0,0,block
R-007164,P-007164,25000.0,2,block
R-007166,P-007166,15000.0,1,house
R-007168,P-007168,35000.0,0,block
R-007172,P-007172,25000.0,1,block
R-007177,P-007177,25000.0,0,block
R-007187,P-007187,25000.0,1,house
R-007197,P-007197,35000.0,1,block
R-007198,P-007198,25000.0,2,block
R-007203,P-007203,35000.0,0,block
R-007207,P-007207,50000.0,0,block
R-007215,P-007215,25000.0,2,block
R-007217,P-007217,50000.0,0,block
R-007220,P-007220,50000.0,0,block
R-007225,P-007225,35000.0,2,block
R-007228,P-007228,25000.0,1,block
R-007237,P-007237,35000.0,1,house
R-007240,P-007240,35000.0,0,block
R-007244,P-007244,15000.0,2,block
R-007247,P-007247,15000.0,1,block
R-007251,P-007251,35000.0,1,block
R-007253,P-007253,25000.0,1,block
R-007268,P-007268,25000.0,2,block
R-007270,P-007270,25000.0,0,block
R-007294,P-007294,25000.0,1,block
R-007301,P-007301,15000.0,2,house
R-007302,P-007302,15000.0,2,block
R-007307,P-007307,35000.0,0,block
R-007312,P-007312,15000.0,1,house
R-007325,P-007325,50000.0,0,block
R-007326,P-007326,15000.0,2,block
R-007335,P-007335,35000.0,2,house
R-007337,P-007337,35000.0,2,house
R-007341,P-007341,25000.0,2,block
R-007349,P-007349,25000.0,2,block
R-007355,P-007355,35000.0,2,house
R-007370,P-007370,15000.0,2,block
R-007376,P-007376,15000.0,0,block
R-007387,P-007387,35000.0,2,block
R-007389,P-007389,35000.0,2,block
R-007397,P-007397,15000.0,1,block
R-007398,P-007398,35000.0,0,house
R-007400,P-007400,25000.0,1,block
R-007404,P-007404,15000.0,1,block
R-007406,P-007406,25000.0,0,block
R-007409,P-007409,25000.0,2,block
R-007414,P-007414,25000.0,0,house
R-007422,P-007422,35000.0,0,block
R-007447,P-007447,25000.0,0,block
R-007460,P-007460,15000.0,1,block
R-007462,P-007462,25000.0,1,block
R-007465,P-007465,15000.0,2,house
R-007469,P-007469,15000.0,1,block
R-007485,P-007485,35000.0,2,block
R-007486,P-007486,25000.0,1,block
R-007497,P-007497,35000.0,1,house
R-007503,P-007503,15000.0,0,block
R-007522,P-007522,25000.0,1,block
R-007523,P-007523,50000.0,0,block
R-007525,P-007525,15000.0,0,block
R-007540,P-007540,25000.0,0,block
R-007548,P-007548,35000.0,2,block
R-007557,P-007557,25000.0,1,house
R-007561,P-007561,25000.0,0,house
R-007562,P-007562,25000.0,1,block
R-007570,P-007570,25000.0,2,block
R-007572,P-007572,15000.0,0,block
R-007574,P-007574,35000.0,2,house
R-007576,P-007576,25000.0,0,house
R-007585,P-007585,15000.0,0,block
R-007614,P-007614,15000.0,1,block
R-007621,P-007621,35000.0,1,block
R-007629,P-007629,15000.0,0,block
R-007637,P-007637,15000.0,0,block
R-007642,P-007642,25000.0,1,block
R-007647,P-007647,35000.0,2,block
R-007649,P-007649,15000.0,2,block
R-007650,P-007650,15000.0,0,house
R-007660,P-007660,15000.0,2,block
R-007661,P-007661,50000.0,1,house
R-007666,P-007666,15000.0,0,block
R-007668,P-007668,35000.0,1,house
R-007677,P-007677,15000.0,0,house
R-007685,P-007685,15000.0,2,block
R-007691,P-007691,25000.0,1,house
R-007696,P-007696,35000.0,0,house
R-007700,P-007700,25000.0,1,block
R-007716,P-007716,25000.0,2,block
R-007723,P-007723,15000.0,2,block
R-007724,P-007724,15000.0,1,block
R-007725,P-007725,15000.0,1,block
R-007731,P-007731,35000.0,1,block
R-007735,P-007735,15000.0,1,block
R-007739,P-007739,50000.0,0,block
R-007746,P-007746,15000.0,2,block
R-007755,P-007755,25000.0,1,block
R-007758,P-007758,50000.0,1,block
R-007761,P-007761,25000.0,2,block
R-007766,P-007766,25000.0,0,house
R-007775,P-007775,15000.0,2,house
R-007777,P-007777,15000.0,1,block
R-007778,P-007778,25000.0,1,block
R-007780,P-007780,15000.0,0,block
R-007782,P-007782,25000.0,1,block
R-007785,P-007785,35000.0,1,house
R-007793,P-007793,15000.0,2,block
R-007797,P-007797,35000.0,0,block
R-007802,P-007802,35000.0,1,block
R-007807,P-007807,25000.0,1,block
R-007811,P-007811,35000.0,1,block
R-007816,P-007816,25000.0,2,block
R-007820,P-007820,25000.0,2,block
R-007828,P-007828,50000.0,1,block
R-007839,P-007839,35000.0,0,block
R-007846,P-007846,50000.0,1,block
R-007848,P-007848,25000.0,1,block
R-007851,P-007851,25000.0,2,block
R-007852,P-007852,15000.0,2,block
R-007859,P-007859,25000.0,1,block
R-007874,P-007874,35000.0,0,block
R-007903,P-007903,25000.0,1,block
R-007908,P-007908,25000.0,0,block
R-007918,P-007918,15000.0,2,house
R-007924,P-007924,25000.0,2,house
R-007925,P-007925,15000.0,2,block
R-007934,P-007934,25000.0,2,house
R-007937,P-007937,35000.0,2,house
R-007941,P-007941,25000.0,2,block
R-007959,P-007959,35000.0,1,block
R-007961,P-007961,25000.0,1,block
R-007971,P-007971,25000.0,0,block
R-007976,P-007976,25000.0,0,block
R-007980,P-007980,35000.0,0,house
R-008000,P-008000,35000.0,2,block
R-008013,P-008013,25000.0,1,block
R-008032,P-008032,50000.0,1,house
R-008035,P-008035,25000.0,1,house
R-008037,P-008037,25000.0,0,block
R-008039,P-008039,25000.0,2,block
R-008040,P-008040,25000.0,1,house
R-008059,P-008059,15000.0,2,block
R-008067,P-008067,15000.0,1,block
R-008071,P-008071,15000.0,1,block
R-008078,P-008078,25000.0,0,block
R-008079,P-008079,25000.0,2,block
R-008083,P-008083,15000.0,1,block
R-008088,P-008088,25000.0,0,block
R-008090,P-008090,25000.0,2,house
R-008095,P-008095,15000.0,1,block
R-008098,P-008098,15000.0,2,block
R-008110,P-008110,15000.0,1,block
R-008119,P-008119,50000.0,1,block
R-008122,P-008122,35000.0,1,block
R-008126,P-008126,25000.0,0,house
R-008137,P-008137,25000.0,0,block
R-008149,P-008149,15000.0,0,house
R-008159,P-008159,15000.0,2,block
R-008169,P-008169,15000.0,2,block
R-008193,P-008193,25000.0,2,block
R-008213,P-008213,35000.0,2,block
R-008216,P-008216,25000.0,1,block
R-008217,P-008217,35000.0,1,block
R-008234,P-008234,25000.0,0,block
R-008236,P-008236,25000.0,2,block
R-008239,P-008239,25000.0,0,block
R-008248,P-008248,15000.0,2,block
R-008258,P-008258,15000.0,2,block
R-008275,P-008275,25000.0,2,block
R-008276,P-008276,50000.0,0,block
R-008277,P-008277,25000.0,2,block
R-008285,P-008285,25000.0,1,block
R-008298,P-008298,25000.0,2,block
R-008305,P-008305,25000.0,2,block
R-008306,P-008306,25000.0,0,block
R-008311,P-008311,35000.0,1,block
R-008315,P-008315,35000.0,0,block
R-008335,P-008335,35000.0,0,block
R-008358,P-008358,15000.0,0,block
R-008359,P-008359,25000.0,2,block
R-008362,P-008362,35000.0,2,house
R-008370,P-008370,15000.0,0,block
R-008371,P-008371,25000.0,2,block
R-008372,P-008372,35000.0,1,block
R-008382,P-008382,35000.0,0,house
R-008385,P-008385,25000.0,0,house
R-008391,P-008391,35000.0,2,block
R-008396,P-008396,15000.0,2,house
R-008400,P-008400,25000.0,1,block
R-008406,P-008406,15000.0,1,block
R-008413,P-008413,25000.0,0,house
R-008414,P-008414,35000.0,1,block
R-008418,P-008418,35000.0,1,block
R-008419,P-008419,35000.0,1,block
R-008421,P-008421,15000.0,1,block
R-008423,P-008423,35000.0,1,block
R-008438,P-008438,35000.0,1,block
R-008440,P-008440,50000.0,1,block
R-008444,P-008444,25000.0,0,house
R-008461,P-008461,50000.0,2,house
R-008465,P-008465,50000.0,0,block
R-008474,P-008474,25000.0,0,block
R-008479,P-008479,15000.0,0,block
R-008490,P-008490,25000.0,1,block
R-008493,P-008493,25000.0,2,house
R-008499,P-008499,35000.0,2,house
R-008504,P-008504,25000.0,0,block
R-008505,P-008505,25000.0,1,block
R-008512,P-008512,50000.0,0,house
R-008513,P-008513,25000.0,2,block
R-008524,P-008524,25000.0,2,block
R-008539,P-008539,15000.0,1,block
R-008561,P-008561,25000.0,1,block
R-008577,P-008577,50000.0,2,block
R-008581,P-008581,35000.0,2,block
R-008591,P-008591,35000.0,1,block
R-008605,P-008605,25000.0,1,block
R-008607,P-008607,25000.0,0,block
R-008610,P-008610,15000.0,1,block
R-008612,P-008612,25000.0,1,block
R-008613,P-008613,15000.0,1,block
R-008624,P-008624,25000.0,0,house
R-008634,P-008634,15000.0,2,block
R-008635,P-008635,15000.0,2,block
R-008637,P-008637,15000.0,1,house
R-008642,P-008642,15000.0,0,block
R-008650,P-008650,25000.0,2,block
R-008664,P-008664,15000.0,1,block
R-008668,P-008668,25000.0,2,block
R-008676,P-008676,25000.0,0,block
R-008685,P-008685,35000.0,0,block
R-008686,P-008686,35000.0,1,block
R-008700,P-008700,50000.0,0,block
R-008710,P-008710,15000.0,1,block
R-008725,P-008725,25000.0,0,block
R-008749,P-008749,25000.0,1,block
R-008756,P-008756,15000.0,0,block
R-008760,P-008760,35000.0,2,block
R-008763,P-008763,50000.0,0,block
R-008779,P-008779,35000.0,0,block
R-008786,P-008786,15000.0,1,block
R-008787,P-008787,50000.0,2,block
R-008797,P-008797,15000.0,0,block
R-008802,P-008802,15000.0,2,block
R-008804,P-008804,50000.0,0,block
R-008807,P-008807,15000.0,2,block
R-008811,P-008811,15000.0,0,block
R-008823,P-008823,25000.0,0,block
R-008830,P-008830,25000.0,2,block
R-008850,P-008850,15000.0,1,block
R-008864,P-008864,15000.0,1,block
R-008877,P-008877,35000.0,1,block
R-008885,P-008885,15000.0,2,block
R-008891,P-008891,50000.0,2,block
R-008894,P-008894,35000.0,2,block
R-008911,P-008911,50000.0,1,block
R-008921,P-008921,35000.0,0,block
R-008947,P-008947,35000.0,0,block
R-008948,P-008948,15000.0,0,house
R-008956,P-008956,25000.0,1,block
R-008962,P-008962,35000.0,2,block
R-008979,P-008979,15000.0,1,block
R-008980,P-008980,50000.0,2,block
R-008992,P-008992,15000.0,0,block
R-008997,P-008997,35000.0,0,block
R-009001,P-009001,15000.0,2,block
R-009016,P-009016,25000.0,0,block
R-009017,P-009017,25000.0,0,block
R-009025,P-009025,35000.0,2,block
R-009029,P-009029,15000.0,0,house
R-009035,P-009035,15000.0,2,block
R-009038,P-009038,25000.0,2,block
R-009049,P-009049,25000.0,0,block
R-009054,P-009054,15000.0,1,block
R-009055,P-009055,25000.0,2,block
R-009056,P-009056,25000.0,2,block
R-009067,P-009067,50000.0,1,block
R-009071,P-009071,35000.0,0,block
R-009074,P-009074,15000.0,1,block
R-009081,P-009081,35000.0,0,house
R-009095,P-009095,35000.0,0,block
R-009111,P-009111,15000.0,0,block
R-009117,P-009117,25000.0,0,block
R-009120,P-009120,25000.0,1,house
R-009123,P-009123,15000.0,1,block
R-009124,P-009124,35000.0,1,house
R-009126,P-009126,50000.0,0,block
R-009129,P-009129,35000.0,0,block
R-009130,P-009130,25000.0,2,block
R-009133,P-009133,25000.0,2,block
R-009142,P-009142,50000.0,0,block
R-009146,P-009146,25000.0,0,house
R-009148,P-009148,35000.0,0,house
R-009151,P-009151,15000.0,0,block
R-009153,P-009153,15000.0,0,block
R-009154,P-009154,15000.0,1,house
R-009178,P-009178,25000.0,1,block
R-009183,P-009183,25000.0,0,block
R-009187,P-009187,50000.0,0,block
R-009189,P-009189,50000.0,2,block
R-009192,P-009192,50000.0,2,block
R-009199,P-009199,25000.0,0,block
R-009205,P-009205,25000.0,2,block
R-009222,P-009222,25000.0,0,block
R-009223,P-009223,35000.0,0,block
R-009229,P-009229,15000.0,0,house
R-009231,P-009231,25000.0,0,block
R-009232,P-009232,25000.0,2,block
R-009234,P-009234,35000.0,1,block
R-009235,P-009235,25000.0,0,block
R-009237,P-009237,15000.0,0,block
R-009247,P-009247,25000.0,2,block
R-009248,P-009248,50000.0,1,block
R-009255,P-009255,25000.0,2,block
R-009263,P-009263,15000.0,0,block
R-009269,P-009269,25000.0,0,block
R-009276,P-009276,25000.0,2,block
R-009284,P-009284,35000.0,1,block
R-009286,P-009286,50000.0,0,block
R-009314,P-009314,50000.0,2,block
R-009328,P-009328,25000.0,1,block
R-009335,P-009335,50000.0,0,block
R-009340,P-009340,15000.0,0,block
R-009341,P-009341,25000.0,0,block
R-009351,P-009351,50000.0,2,block
R-009365,P-009365,25000.0,0,block
R-009375,P-009375,25000.0,2,block
R-009381,P-009381,35000.0,0,block
R-009384,P-009384,35000.0,2,block
R-009385,P-009385,35000.0,0,house
R-009402,P-009402,35000.0,2,block
R-009406,P-009406,35000.0,1,block
R-009418,P-009418,15000.0,0,block
R-009421,P-009421,35000.0,0,block
R-009436,P-009436,25000.0,2,block
R-009437,P-009437,35000.0,2,block
R-009439,P-009439,35000.0,0,house
R-009445,P-009445,25000.0,2,block
R-009457,P-009457,35000.0,1,block
R-009471,P-009471,25000.0,1,block
R-009481,P-009481,15000.0,1,block
R-009482,P-009482,25000.0,0,block
R-009485,P-009485,15000.0,0,block
R-009487,P-009487,25000.0,2,block
R-009495,P-009495,25000.0,0,house
R-009521,P-009521,35000.0,2,block
R-009526,P-009526,25000.0,0,house
R-009532,P-009532,35000.0,0,block
R-009540,P-009540,35000.0,0,block
R-009545,P-009545,25000.0,0,block
R-009552,P-009552,25000.0,2,block
R-009559,P-009559,25000.0,2,block
R-009567,P-009567,50000.0,2,house
R-009572,P-009572,35000.0,2,block
R-009586,P-009586,25000.0,0,block
R-009591,P-009591,25000.0,2,block
R-009594,P-009594,25000.0,0,house
R-009597,P-009597,35000.0,2,block
R-009601,P-009601,25000.0,0,block
R-009607,P-009607,35000.0,2,block
R-009608,P-009608,35000.0,2,block
R-009623,P-009623,35000.0,1,block
R-009659,P-009659,15000.0,1,block
R-009666,P-009666,35000.0,0,block
R-009677,P-009677,35000.0,0,block
R-009682,P-009682,35000.0,1,block
R-009683,P-009683,25000.0,1,block
R-009686,P-009686,50000.0,0,block
R-009691,P-009691,25000.0,0,block
R-009694,P-009694,35000.0,1,house
R-009707,P-009707,15000.0,1,house
R-009709,P-009709,15000.0,0,block
R-009715,P-009715,15000.0,1,block
R-009752,P-009752,50000.0,0,block
R-009757,P-009757,50000.0,0,block
R-009758,P-009758,50000.0,1,house
R-009765,P-009765,25000.0,2,block
R-009767,P-009767,25000.0,0,block
R-009768,P-009768,35000.0,0,block
R-009778,P-009778,50000.0,0,block
R-009790,P-009790,25000.0,0,block
R-009794,P-009794,15000.0,2,house
R-009798,P-009798,50000.0,1,block
R-009806,P-009806,15000.0,1,house
R-009823,P-009823,15000.0,0,block
R-009827,P-009827,15000.0,2,house
R-009834,P-009834,15000.0,2,block
R-009836,P-009836,25000.0,1,house
R-009840,P-009840,25000.0,1,block
R-009855,P-009855,15000.0,1,block
R-009860,P-009860,15000.0,2,block
R-009870,P-009870,15000.0,1,house
R-009871,P-009871,15000.0,0,block
R-009878,P-009878,50000.0,1,block
R-009891,P-009891,25000.0,0,block
R-009893,P-009893,25000.0,1,block
R-009897,P-009897,25000.0,2,block
R-009899,P-009899,50000.0,2,block
R-009914,P-009914,35000.0,0,block
R-009920,P-009920,50000.0,0,block
R-009922,P-009922,25000.0,1,block
R-009928,P-009928,35000.0,2,block
R-009942,P-009942,15000.0,1,house
R-009948,P-009948,15000.0,0,block
R-009949,P-009949,25000.0,0,block
R-009966,P-009966,15000.0,1,house
R-009969,P-009969,15000.0,1,house
R-009975,P-009975,25000.0,0,block
R-009976,P-009976,35000.0,1,block
R-009992,P-009992,50000.0,0,block
R-009995,P-009995,35000.0,2,block
R-010003,P-010003,35000.0,2,block
R-010024,P-010024,25000.0,1,block
R-010025,P-010025,25000.0,0,block
R-010026,P-010026,25000.0,0,block
R-010037,P-010037,35000.0,0,block
R-010043,P-010043,15000.0,1,block
R-010056,P-010056,15000.0,2,block
R-010058,P-010058,35000.0,1,house
R-010062,P-010062,25000.0,0,block
R-010063,P-010063,50000.0,0,block
R-010074,P-010074,15000.0,0,block
R-010076,P-010076,50000.0,2,block
R-010088,P-010088,35000.0,1,block
R-010111,P-010111,50000.0,1,block
R-010115,P-010115,25000.0,0,block
R-010117,P-010117,35000.0,1,house
R-010129,P-010129,50000.0,1,house
R-010140,P-010140,15000.0,2,block
R-010144,P-010144,35000.0,0,house
R-010150,P-010150,50000.0,0,block
R-010152,P-010152,50000.0,2,block
R-010158,P-010158,25000.0,2,block
R-010159,P-010159,50000.0,2,block
R-010160,P-010160,35000.0,2,block
R-010173,P-010173,35000.0,1,house
R-010194,P-010194,25000.0,0,block
R-010198,P-010198,25000.0,1,block
R-010211,P-010211,25000.0,2,house
R-010212,P-010212,15000.0,0,block
R-010220,P-010220,15000.0,2,block
R-010226,P-010226,25000.0,0,house
R-010235,P-010235,25000.0,1,house
R-010241,P-010241,50000.0,0,house
R-010242,P-010242,15000.0,2,block
R-010243,P-010243,35000.0,0,block
R-010246,P-010246,25000.0,0,house
R-010249,P-010249,15000.0,1,block
R-010256,P-010256,35000.0,1,block
R-010260,P-010260,35000.0,1,house
R-010272,P-010272,25000.0,1,block
R-010273,P-010273,15000.0,0,block
R-010284,P-010284,25000.0,1,block
R-010296,P-010296,15000.0,2,block
R-010298,P-010298,25000.0,1,block
R-010300,P-010300,35000.0,0,block
R-010306,P-010306,25000.0,0,block
R-010316,P-010316,15000.0,1,block
R-010319,P-010319,25000.0,2,house
R-010326,P-010326,50000.0,0,house
R-010331,P-010331,15000.0,0,block
R-010338,P-010338,35000.0,0,block
R-010344,P-010344,25000.0,0,block
R-010347,P-010347,25000.0,2,block
R-010359,P-010359,25000.0,2,block
R-010363,P-010363,50000.0,1,block
R-010368,P-010368,25000.0,2,block
R-010373,P-010373,35000.0,2,block
R-010376,P-010376,35000.0,1,block
R-010389,P-010389,25000.0,2,house
R-010393,P-010393,25000.0,2,block
R-010396,P-010396,50000.0,1,block
R-010397,P-010397,15000.0,2,block
R-010398,P-010398,50000.0,2,block
R-010423,P-010423,15000.0,0,block
R-010425,P-010425,35000.0,1,block
R-010435,P-010435,35000.0,1,block
R-010440,P-010440,25000.0,1,block
R-010457,P-010457,25000.0,0,block
R-010460,P-010460,15000.0,1,block
R-010461,P-010461,25000.0,1,block
R-010471,P-010471,35000.0,1,house
R-010479,P-010479,15000.0,0,block
R-010480,P-010480,15000.0,2,block
R-010507,P-010507,35000.0,1,block
R-010510,P-010510,15000.0,2,block
R-010513,P-010513,15000.0,1,block
R-010516,P-010516,35000.0,1,block
R-010519,P-010519,25000.0,1,block
R-010534,P-010534,15000.0,0,block
R-010539,P-010539,15000.0,1,block
R-010542,P-010542,50000.0,1,block
R-010544,P-010544,35000.0,0,block
R-010547,P-010547,25000.0,2,block
R-010549,P-010549,35000.0,2,block
R-010551,P-010551,25000.0,1,block
R-010558,P-010558,15000.0,1,block
R-010565,P-010565,15000.0,2,block
R-010567,P-010567,25000.0,2,block
R-010570,P-010570,35000.0,2,block
R-010590,P-010590,35000.0,1,block
R-010591,P-010591,15000.0,0,block
R-010595,P-010595,25000.0,0,block
R-010611,P-010611,25000.0,0,block
R-010612,P-010612,15000.0,0,block
R-010614,P-010614,25000.0,2,block
R-010618,P-010618,15000.0,2,block
R-010619,P-010619,35000.0,1,block
R-010635,P-010635,25000.0,0,block
R-010639,P-010639,25000.0,1,block
R-010655,P-010655,35000.0,0,block
R-010662,P-010662,25000.0,0,block
R-010667,P-010667,15000.0,1,house
R-010689,P-010689,25000.0,1,block
R-010692,P-010692,25000.0,1,block
R-010701,P-010701,35000.0,2,block
R-010702,P-010702,15000.0,2,block
R-010703,P-010703,35000.0,0,house
R-010729,P-010729,15000.0,0,block
R-010730,P-010730,35000.0,0,block
R-010739,P-010739,25000.0,2,house
R-010741,P-010741,25000.0,2,block
R-010744,P-010744,25000.0,1,house
R-010754,P-010754,25000.0,1,block
R-010755,P-010755,25000.0,1,block
R-010767,P-010767,35000.0,1,block
R-010780,P-010780,25000.0,0,block
R-010783,P-010783,25000.0,0,house
R-010784,P-010784,25000.0,0,block
R-010790,P-010790,15000.0,0,block
R-010791,P-010791,35000.0,2,house
R-010798,P-010798,25000.0,0,block
R-010803,P-010803,25000.0,1,block
R-010810,P-010810,25000.0,2,block
R-010820,P-010820,25000.0,1,block
R-010821,P-010821,25000.0,1,block
R-010824,P-010824,25000.0,0,block
R-010826,P-010826,25000.0,0,block
R-010835,P-010835,15000.0,2,block
R-010842,P-010842,25000.0,0,block
R-010848,P-010848,25000.0,0,block
R-010854,P-010854,25000.0,2,block
R-010859,P-010859,25000.0,1,block
R-010874,P-010874,25000.0,1,block
R-010899,P-010899,35000.0,0,block
R-010914,P-010914,50000.0,0,house
R-010921,P-010921,25000.0,0,house
R-010922,P-010922,25000.0,1,block
R-010924,P-010924,35000.0,2,block
R-010928,P-010928,25000.0,1,block
R-010936,P-010936,25000.0,1,block
R-010940,P-010940,25000.0,2,block
R-010954,P-010954,35000.0,2,house
R-010955,P-010955,15000.0,2,block
R-010964,P-010964,15000.0,0,house
R-010965,P-010965,15000.0,0,block
R-010974,P-010974,35000.0,2,block
R-010977,P-010977,35000.0,2,house
R-010978,P-010978,15000.0,2,block
R-010984,P-010984,35000.0,2,house
R-010985,P-010985,50000.0,0,house
R-010995,P-010995,35000.0,2,house
R-011013,P-011013,15000.0,0,block
R-011015,P-011015,15000.0,0,block
R-011017,P-011017,50000.0,0,house
R-011028,P-011028,25000.0,1,block
R-011029,P-011029,35000.0,2,block
R-011053,P-011053,15000.0,1,block
R-011054,P-011054,15000.0,0,block
R-011056,P-011056,25000.0,2,block
R-011057,P-011057,25000.0,2,block
R-011062,P-011062,25000.0,1,house
R-011064,P-011064,15000.0,1,block
R-011070,P-011070,25000.0,2,block
R-011084,P-011084,15000.0,1,house
R-011085,P-011085,35000.0,1,house
R-011088,P-011088,35000.0,1,block
R-011091,P-011091,35000.0,1,block
R-011096,P-011096,35000.0,1,block
R-011117,P-011117,50000.0,2,house
R-011125,P-011125,35000.0,0,block
R-011130,P-011130,15000.0,2,block
R-011131,P-011131,50000.0,0,block
R-011133,P-011133,25000.0,2,house
R-011136,P-011136,25000.0,1,block
R-011141,P-011141,25000.0,0,block
R-011153,P-011153,35000.0,1,block
R-011157,P-011157,25000.0,2,block
R-011158,P-011158,15000.0,2,block
R-011160,P-011160,25000.0,1,block
R-011166,P-011166,25000.0,0,block
R-011174,P-011174,50000.0,2,block
R-011179,P-011179,35000.0,1,block
R-011187,P-011187,15000.0,0,block
R-011196,P-011196,35000.0,0,block
R-011201,P-011201,50000.0,0,block
R-011210,P-011210,35000.0,2,block
R-011215,P-011215,25000.0,0,block
R-011220,P-011220,35000.0,2,block
R-011223,P-011223,25000.0,0,block
R-011227,P-011227,25000.0,2,block
R-011230,P-011230,25000.0,2,house
R-011238,P-011238,25000.0,1,house
R-011251,P-011251,35000.0,1,block
R-011255,P-011255,25000.0,0,house
R-011263,P-011263,35000.0,0,block
R-011266,P-011266,15000.0,2,block
R-011284,P-011284,25000.0,1,block
R-011285,P-011285,35000.0,2,block
R-011310,P-011310,15000.0,0,block
R-011317,P-011317,15000.0,0,block
R-011335,P-011335,35000.0,1,block
R-011351,P-011351,25000.0,1,block
R-011374,P-011374,35000.0,0,block
R-011379,P-011379,50000.0,0,block
R-011385,P-011385,25000.0,0,block
R-011397,P-011397,25000.0,2,house
R-011399,P-011399,15000.0,2,block
R-011403,P-011403,35000.0,1,block
R-011415,P-011415,35000.0,0,block
R-011421,P-011421,15000.0,2,block
R-011426,P-011426,35000.0,0,block
R-011429,P-011429,35000.0,1,block
R-011433,P-011433,25000.0,1,block
R-011435,P-011435,35000.0,2,house
R-011436,P-011436,25000.0,1,block
R-011451,P-011451,25000.0,1,block
R-011464,P-011464,25000.0,0,block
R-011470,P-011470,15000.0,0,block
R-011479,P-011479,15000.0,0,block
R-011484,P-011484,25000.0,2,block
R-011487,P-011487,35000.0,2,house
R-011497,P-011497,25000.0,2,block
R-011505,P-011505,25000.0,0,house
R-011508,P-011508,25000.0,0,block
R-011510,P-011510,15000.0,0,block
R-011520,P-011520,50000.0,2,block
R-011528,P-011528,25000.0,1,block
R-011529,P-011529,25000.0,2,house
R-011533,P-011533,50000.0,2,house
R-011537,P-011537,15000.0,1,block
R-011542,P-011542,35000.0,1,block
R-011546,P-011546,25000.0,1,house
R-011549,P-011549,25000.0,1,block
R-011560,P-011560,25000.0,2,house
R-011562,P-011562,25000.0,0,block
R-011564,P-011564,15000.0,1,block
R-011566,P-011566,25000.0,0,block
R-011571,P-011571,35000.0,0,house
R-011573,P-011573,35000.0,2,block
R-011576,P-011576,50000.0,1,block
R-011586,P-011586,15000.0,0,block
R-011611,P-011611,50000.0,1,block
R-011613,P-011613,50000.0,2,block
R-011614,P-011614,50000.0,1,block
R-011617,P-011617,35000.0,0,block
R-011618,P-011618,50000.0,0,block
R-011633,P-011633,25000.0,1,block
R-011650,P-011650,35000.0,0,block
R-011652,P-011652,15000.0,2,house
R-011679,P-011679,25000.0,0,block
R-011690,P-011690,25000.0,2,block
R-011694,P-011694,25000.0,1,block
R-011698,P-011698,25000.0,0,house
R-011713,P-011713,25000.0,1,block
R-011717,P-011717,15000.0,2,block
R-011719,P-011719,35000.0,0,block
R-011724,P-011724,25000.0,1,block
R-011733,P-011733,15000.0,1,block
R-011736,P-011736,35000.0,1,block
R-011761,P-011761,15000.0,0,block
R-011764,P-011764,15000.0,2,block
R-011774,P-011774,15000.0,0,house
R-011777,P-011777,25000.0,1,block
R-011778,P-011778,35000.0,1,block
R-011779,P-011779,25000.0,1,house
R-011783,P-011783,15000.0,2,house
R-011786,P-011786,15000.0,2,block
R-011789,P-011789,15000.0,2,house
R-011799,P-011799,35000.0,2,block
R-011803,P-011803,25000.0,1,block
R-011815,P-011815,50000.0,1,block
R-011821,P-011821,15000.0,0,block
R-011824,P-011824,15000.0,2,block
R-011827,P-011827,50000.0,0,house
R-011837,P-011837,25000.0,0,block
R-011839,P-011839,25000.0,0,block
R-011841,P-011841,25000.0,0,block
R-011842,P-011842,15000.0,1,house
R-011844,P-011844,35000.0,2,block
R-011850,P-011850,25000.0,2,house
R-011851,P-011851,25000.0,0,block
R-011877,P-011877,50000.0,2,house
R-011886,P-011886,25000.0,2,block
R-011887,P-011887,25000.0,1,block
R-011903,P-011903,25000.0,1,block
R-011908,P-011908,25000.0,1,block
R-011909,P-011909,25000.0,2,house
R-011910,P-011910,35000.0,0,block
R-011913,P-011913,35000.0,1,block
R-011926,P-011926,15000.0,2,block
R-011928,P-011928,35000.0,2,block
R-011933,P-011933,25000.0,1,block
R-011939,P-011939,50000.0,2,block
R-011945,P-011945,15000.0,1,block
R-011946,P-011946,50000.0,0,house
R-011961,P-011961,25000.0,1,block
R-011962,P-011962,35000.0,2,block
R-011966,P-011966,35000.0,1,house
R-011968,P-011968,35000.0,0,block
R-011972,P-011972,15000.0,2,block
R-011974,P-011974,15000.0,2,block
R-011980,P-011980,35000.0,0,block
R-011981,P-011981,25000.0,2,block
R-011997,P-011997,35000.0,1,block
R-011999,P-011999,25000.0,1,block
R-012000,P-012000,35000.0,2,block
